share_time,file_class,title,share_url,ford,share_user_bd_id,file_size,share_user
2013-09-18 01:12:36,其它,QQ音乐无损下载工具r.zip,http://pan.baidu.com/share/link?shareid=2330997530&uk=3339817619&fid=2628766415,文件,/u/bd-3339817619,46 KB,明**朦胧
2013-09-18 01:10:53,音乐,Tank - 千年泪.mp3,http://pan.baidu.com/share/link?shareid=2320698877&uk=3339817619&fid=1366252656,文件,/u/bd-3339817619,4 MB,明**朦胧
2013-09-18 01:09:39,音乐,儿童歌曲 - 虫儿飞.mp3,http://pan.baidu.com/share/link?shareid=2313285943&uk=3339817619&fid=3543478697,文件,/u/bd-3339817619,3 MB,明**朦胧
2013-09-18 01:10:30,音乐,Tamas Wells - Valder Fields.mp3,http://pan.baidu.com/share/link?shareid=2318406912&uk=3339817619&fid=2033655979,文件,/u/bd-3339817619,2 MB,明**朦胧
2013-09-18 01:09:49,音乐,钢琴曲 - The Truth That You Leave.mp3,http://pan.baidu.com/share/link?shareid=2314346282&uk=3339817619&fid=2147974755,文件,/u/bd-3339817619,8 MB,明**朦胧
2013-09-18 01:10:48,音乐,By2 - 勇敢.mp3,http://pan.baidu.com/share/link?shareid=2320179914&uk=3339817619&fid=2151152999,文件,/u/bd-3339817619,3 MB,明**朦胧
2013-09-12 01:06:30,音乐,July - My Soul.mp3,http://pan.baidu.com/share/link?shareid=1993967334&uk=3339817619&fid=1177281143,文件,/u/bd-3339817619,8 MB,明**朦胧
2013-09-12 01:07:25,音乐,Sofia Jannok - Liekkas.mp3,http://pan.baidu.com/share/link?shareid=1999467488&uk=3339817619&fid=2824106300,文件,/u/bd-3339817619,3 MB,明**朦胧
2013-09-12 00:59:25,音乐,Moumoon - Sunshine Girl.mp3,http://pan.baidu.com/share/link?shareid=1951497040&uk=3339817619&fid=3701383489,文件,/u/bd-3339817619,8 MB,明**朦胧
2013-09-18 01:10:39,音乐,Lydia - 如果我说爱你行吗.mp3,http://pan.baidu.com/share/link?shareid=2319262221&uk=3339817619&fid=3250072526,文件,/u/bd-3339817619,2 MB,明**朦胧
2016-06-10 10:12:02,其它,传奇超写实手绘插画表现技法 光盘,http://pan.baidu.com/share/link?shareid=3603647758&uk=1896134382,目录,/u/bd-1896134382,---,wy****715
2013-09-18 01:10:20,音乐,范玮琪、张韶涵 - 如果的事.mp3,http://pan.baidu.com/share/link?shareid=2317348489&uk=3339817619&fid=3934063113,文件,/u/bd-3339817619,3 MB,明**朦胧
2015-11-29 23:59:50,其它,单词我最强，日语单词1500 MP3+多媒体文件,http://pan.baidu.com/share/link?shareid=3442166152&uk=1896134382,目录,/u/bd-1896134382,---,wy****715
2015-11-30 00:23:34,其它,单词我最强，日语单词1500 MP3+多媒体文件,http://pan.baidu.com/share/link?shareid=3584601524&uk=1896134382,目录,/u/bd-1896134382,---,wy****715
2013-09-12 01:06:21,音乐,Igor Krutoi - Sad Angel.mp3,http://pan.baidu.com/share/link?shareid=1993106104&uk=3339817619&fid=2057868821,文件,/u/bd-3339817619,6 MB,明**朦胧
2015-10-12 01:14:34,其它,WIN7 64位lumion2.1 b4一键破解激活.zip,http://pan.baidu.com/share/link?shareid=1437421230&uk=3222485427&fid=1082300318217857,文件,/u/bd-3222485427,187 KB,ae****一52
2015-10-12 01:13:53,其它,Power_PowerSurfacing_v1.40.7852_for_SW2012-2014_64bit_SSQ.rar,http://pan.baidu.com/share/link?shareid=1433332555&uk=3222485427&fid=1097642756340949,文件,/u/bd-3222485427,68 MB,ae****一52
2015-10-12 01:13:46,其它,中文破解PowerSurfacing_v1.30.7573for64bit完整包.rar,http://pan.baidu.com/share/link?shareid=1432566514&uk=3222485427&fid=544689245245469,文件,/u/bd-3222485427,48 MB,ae****一52
2015-10-12 01:13:34,其它,PCSKYS_Windows7Loader_v3.27(激活）.rar,http://pan.baidu.com/share/link?shareid=1431456529&uk=3222485427&fid=42847388181243,文件,/u/bd-3222485427,187 KB,ae****一52
2015-10-12 01:13:19,其它,中文破解PowerSurfacing_v1.30.7573for64bit完整包.rar,http://pan.baidu.com/share/link?shareid=1429892880&uk=3222485427&fid=544689245245469,文件,/u/bd-3222485427,48 MB,ae****一52
2015-11-29 19:09:34,其它,单词我最强，日语单词1500 MP3+多媒体文件,http://pan.baidu.com/share/link?shareid=1700606593&uk=1896134382,目录,/u/bd-1896134382,---,wy****715
2015-10-12 01:11:58,其它,ENC-03M陀螺仪模块.rar,http://pan.baidu.com/share/link?shareid=1421768515&uk=3222485427&fid=1661716734,文件,/u/bd-3222485427,95 KB,ae****一52
2015-10-12 01:11:41,其它,BodyPaint_3D.3.1中文汉化版.zip,http://pan.baidu.com/share/link?shareid=1420110602&uk=3222485427&fid=2432237321,文件,/u/bd-3222485427,69 MB,ae****一52
2015-10-12 01:09:39,其它,vue 8.0 汉化.zip,http://pan.baidu.com/share/link?shareid=1407953417&uk=3222485427&fid=205724235482496,文件,/u/bd-3222485427,3 MB,ae****一52
2015-10-12 01:09:32,其它,vue 8.5汉化.zip,http://pan.baidu.com/share/link?shareid=1407244756&uk=3222485427&fid=236703078222288,文件,/u/bd-3222485427,3 MB,ae****一52
2015-10-12 01:09:24,其它,vue 9.5 0.911汉化.7z,http://pan.baidu.com/share/link?shareid=1406387454&uk=3222485427&fid=265920991698782,文件,/u/bd-3222485427,3 MB,ae****一52
2015-10-12 01:06:05,其它,vue 10 汉化.zip,http://pan.baidu.com/share/link?shareid=1386455744&uk=3222485427&fid=972117669670500,文件,/u/bd-3222485427,4 MB,ae****一52
2015-09-29 20:33:14,其它,Mudbox2012~2013注册机激活与汉化文件包！附说明书.zip,http://pan.baidu.com/share/link?shareid=3443615747&uk=3222485427&fid=306015330355208,文件,/u/bd-3222485427,7 MB,ae****一52
2015-06-09 15:26:50,其它,guitar pro6 ukulele音色真相设置教程！.mht,http://pan.baidu.com/share/link?shareid=292847009&uk=3222485427&fid=621310548328306,文件,/u/bd-3222485427,700 KB,ae****一52
2015-06-09 07:43:56,其它,GP6.1.04简体中文版(1).rar,http://pan.baidu.com/share/link?shareid=1810423580&uk=3222485427&fid=598640345700900,文件,/u/bd-3222485427,50 MB,ae****一52
2015-03-03 10:08:51,其它,Guitar Pro 6.0.7已修改的乱码替换程序！.zip,http://pan.baidu.com/share/link?shareid=2068438190&uk=3222485427&fid=760430347722935,文件,/u/bd-3222485427,929 KB,ae****一52
2014-06-25 17:45:37,其它,木材知识学习资料2014！.zip,http://pan.baidu.com/share/link?shareid=832608096&uk=3222485427&fid=258367304375869,文件,/u/bd-3222485427,16 MB,ae****一52
2015-09-10 09:00:32,其它,品茗标书制作2008奥运免狗版.zip,http://pan.baidu.com/share/link?shareid=2631125602&uk=891693347&fid=308860889970500,文件,/u/bd-891693347,216 MB,chu*****ng88
2014-12-11 22:29:41,图片,DSC00589.JPG,http://pan.baidu.com/share/link?shareid=2408101700&uk=891693347&fid=289636129874344,文件,/u/bd-891693347,4 MB,chu*****ng88
2014-12-11 22:27:01,图片,DSC00541.JPG,http://pan.baidu.com/share/link?shareid=2392094535&uk=891693347&fid=839768510655949,文件,/u/bd-891693347,4 MB,chu*****ng88
2014-06-13 08:23:50,其它,C4D,http://pan.baidu.com/share/link?shareid=1156097755&uk=891693347,目录,/u/bd-891693347,---,chu*****ng88
2014-05-05 19:19:42,其它,xiwanjigai.zip,http://pan.baidu.com/share/link?shareid=3138670033&uk=891693347&fid=1068411322547860,文件,/u/bd-891693347,14 MB,chu*****ng88
2013-09-19 16:39:17,文档,插秧机行业分析报告.doc,http://pan.baidu.com/share/link?shareid=3646175859&uk=891693347&fid=3709087263,文件,/u/bd-891693347,376 KB,chu*****ng88
2014-08-19 19:02:46,文档,俞洪敏演讲.doc,http://pan.baidu.com/share/link?shareid=4049068088&uk=3843563021&fid=127062658925968,文件,/u/bd-3843563021,638 KB,无*火
2014-04-19 09:40:37,其它,第四届锐普PPT大赛获奖作品汇总（34个）.part2.rar,http://pan.baidu.com/share/link?shareid=3158107238&uk=3843563021&fid=220863021758640,文件,/u/bd-3843563021,400 MB,无*火
2013-06-11 23:07:21,文档,安卓系统文件目录.txt,http://pan.baidu.com/share/link?shareid=409934&uk=3843563021&fid=3255149788,文件,/u/bd-3843563021,---,无*火
2013-06-11 23:07:21,文档,安卓系统文件目录.txt,http://pan.baidu.com/share/link?shareid=409933&uk=3843563021&fid=3255149788,文件,/u/bd-3843563021,---,无*火
2013-06-11 22:41:40,文档,安卓系统文件目录.txt,http://pan.baidu.com/share/link?shareid=387493&uk=3843563021&fid=3255149788,文件,/u/bd-3843563021,---,无*火
2014-11-30 10:34:20,其它,MYCZM3WC-7.5.zip,http://pan.baidu.com/share/link?shareid=1860224286&uk=103147736&fid=144408628352849,文件,/u/bd-103147736,410 MB,xjlo*****hina
2013-12-04 11:38:53,其它,建模.zip,http://pan.baidu.com/share/link?shareid=1353734210&uk=103147736&fid=694799153,文件,/u/bd-103147736,1 GB,xjlo*****hina
2017-04-03 13:25:15,其它,怪物猎人XX 汉化版.cia,http://pan.baidu.com/share/link?shareid=1413472449&uk=1208096706&fid=678013968213473,文件,/u/bd-1208096706,2 GB,澈**嗳秀
2015-01-05 09:54:50,其它,AlitumDesinger2013,http://pan.baidu.com/share/link?shareid=3425596840&uk=2768996987,目录,/u/bd-2768996987,---,4*日葵
2014-12-13 20:23:54,其它,vmd642,http://pan.baidu.com/share/link?shareid=1753542387&uk=2768996987,目录,/u/bd-2768996987,---,4*日葵
2014-12-13 16:59:19,其它,vmd642,http://pan.baidu.com/share/link?shareid=526001011&uk=2768996987,目录,/u/bd-2768996987,---,4*日葵
2014-09-26 16:28:02,其它,VMD642-D.iso,http://pan.baidu.com/share/link?shareid=728165723&uk=2768996987&fid=591223075120496,文件,/u/bd-2768996987,264 MB,4*日葵
2014-09-26 16:28:02,其它,vmd642_4_s29.iso,http://pan.baidu.com/share/link?shareid=728165723&uk=2768996987&fid=337008951181624,文件,/u/bd-2768996987,591 MB,4*日葵
2014-09-22 16:19:22,软件,Camera WiFi LiveStream.apk,http://pan.baidu.com/share/link?shareid=475907388&uk=2768996987&fid=1021118279543155,文件,/u/bd-2768996987,681 KB,4*日葵
2014-09-22 16:19:22,软件,LiebaoFreeWiFi5.0.exe,http://pan.baidu.com/share/link?shareid=475907388&uk=2768996987&fid=644613088832882,文件,/u/bd-2768996987,11 MB,4*日葵
2014-09-22 16:19:22,软件,jre-7u67-windows-i586.exe,http://pan.baidu.com/share/link?shareid=475907388&uk=2768996987&fid=1048202911536609,文件,/u/bd-2768996987,28 MB,4*日葵
